{
  "project_info": {
    "project_number": "769489406407",
    "project_id": "sushatheshoeshop",
    "storage_bucket": "sushatheshoeshop.appspot.com"
  },
  "client": [
    {
      "client_info": {
        "mobilesdk_app_id": "1:769489406407:android:f0606d1f896b4dbce2b1e2",
        "android_client_info": {
          "package_name": "com.example.susha"
        }
      },
      "oauth_client": [
        {
          "client_id": "769489406407-arj62ashkgpuohqrsnpbhp95kdvaoc8h.apps.googleusercontent.com",
          "client_type": 3
        }
      ],
      "api_key": [
        {
          "current_key": "AIzaSyDe86RT4Hlbw92Tw8gDCbZzNxF28wVdivs"
        }
      ],
      "services": {
        "appinvite_service": {
          "other_platform_oauth_client": [
            {
              "client_id": "769489406407-arj62ashkgpuohqrsnpbhp95kdvaoc8h.apps.googleusercontent.com",
              "client_type": 3
            }
          ]
        }
      }
    }
  ],
  "configuration_version": "1"
}