[
    {
      "imageUrl": "https://www.bing.com/th?id=OIP.kzXB8w7QrpKYM4aJzFbnhAHaFP&w=177&h=185&c=8&rs=1&qlt=90&o=6&dpr=1.3&pid=3.1&rm=2",
      "model": "Nike Air Max",
      "size": "9",
      "color": "Black",
      "description": "Classic black Nike Air Max shoes",
      "gender": "Unisex",
      "category": "Sneakers",
      "price": "99.99",
      "isSold": false
    },
    {
      "imageUrl": "https://www.bing.com/th?id=OIP.5oLfjBUtKZsq1--boX9suwHaFS&w=184&h=185&c=8&rs=1&qlt=90&o=6&dpr=1.3&pid=3.1&rm=2",
      "model": "Adidas Superstar",
      "size": "8",
      "color": "White",
      "description": "Iconic white Adidas Superstar shoes",
      "gender": "Unisex",
      "category": "Sneakers",
      "price": "79.99",
      "isSold": false
    },
    {
      "imageUrl": "https://www.bing.com/th?id=OIP.LA2bw3w6EAicWochz_KUzQHaFj&w=150&h=112&c=8&rs=1&qlt=90&o=6&dpr=1.3&pid=3.1&rm=2",
      "model": "Converse Chuck Taylor",
      "size": "7",
      "color": "Red",
      "description": "Classic red Converse Chuck Taylor shoes",
      "gender": "Unisex",
      "category": "Sneakers",
      "price": "59.99",
      "isSold": false
    },
    {
      "imageUrl": "https://www.bing.com/th?id=OIP.E3PPd42F-qQwwrb8JLj2uAHaFj&w=177&h=185&c=8&rs=1&qlt=90&o=6&dpr=1.3&pid=3.1&rm=2",
      "model": "Puma Suede",
      "size": "10",
      "color": "Blue",
      "description": "Stylish blue Puma Suede shoes",
      "gender": "Unisex",
      "category": "Sneakers",
      "price": "89.99",
      "isSold": false
    },
    {
      "imageUrl": "https://th.bing.com/th/id/OIP.tHja6mKRkg6mPOy4CjoXRQHaHa?w=185&h=185&c=7&r=0&o=5&dpr=1.3&pid=1.7",
      "model": "Vans Old Skool",
      "size": "8",
      "color": "Black/White",
      "description": "Classic black and white Vans Old Skool shoes",
      "gender": "Unisex",
      "category": "Sneakers",
      "price": "69.99",
      "isSold": false
    },
    {
      "imageUrl": "https://www.bing.com/th?id=OIP.QsEpZ-kel6PO245iRLaWdwHaFl&w=187&h=185&c=8&rs=1&qlt=90&o=6&dpr=1.3&pid=3.1&rm=2",
      "model": "Timberland 6-Inch Premium",
      "size": "11",
      "color": "Yellow",
      "description": "Sturdy yellow Timberland 6-Inch Premium boots",
      "gender": "Unisex",
      "category": "Boots",
      "price": "149.99",
      "isSold": false
    },
    {
      "imageUrl": "https://www.bing.com/th?id=OIP.tHMllB7UINA3yXVE1X3CRAHaHc&w=181&h=185&c=8&rs=1&qlt=90&o=6&dpr=1.3&pid=3.1&rm=2",
      "model": "Dr. Martens 1460",
      "size": "9",
      "color": "Black",
      "description": "Classic black Dr. Martens 1460 boots",
      "gender": "Unisex",
      "category": "Boots",
      "price": "129.99",
      "isSold": false
    },
    {
      "imageUrl": "https://www.bing.com/images/search?view=detailV2&ccid=GwWlvp13&id=B08A9A021AF430C88FA1B5666644A3DCC9F472B2&thid=OIP.GwWlvp13BsOX3R3dmkdYHAHaFj&mediaurl=https%3a%2f%2fcdnd.lystit.com%2fphotos%2ff1cc-2015%2f08%2f20%2fnew-balance-classics-dark-grey-574-lux-gray-product-5-576094274-normal.jpeg&cdnurl=https%3a%2f%2fth.bing.com%2fth%2fid%2fR.1b05a5be9d7706c397dd1ddd9a47581c%3frik%3dsnL0ydyjRGZmtQ%26pid%3dImgRaw%26r%3d0&exph=1440&expw=1920&q=new+balance+574+grey&simid=608051865016542557&FORM=IRPRST&ck=3EBFA3B27019512F700A49602264A296&selectedIndex=13&qpvt=new+balance+574+grey",
      "model": "New Balance 574",
      "size": "7",
      "color": "Gray",
      "description": "Comfortable gray New Balance 574 shoes",
      "gender": "Unisex",
      "category": "Sneakers",
      "price": "79.99",
      "isSold": false
    }
  ]
  